0,aqua hair aqua eyes
215,aqua hair black eyes
434,aqua hair blue eyes
614,aqua hair brown eyes
751,aqua hair green eyes
910,aqua hair orange eyes
1143,aqua hair pink eyes
1413,aqua hair purple eyes
1591,aqua hair red eyes
1725,aqua hair yellow eyes
2600,gray hair green eyes
2903,gray hair orange eyes
4558,green hair green eyes
4685,green hair orange eyes
5294,green hair red eyes
5623,orange hair aqua eyes
5874,orange hair black eyes
6054,orange hair blue eyes
6198,orange hair brown eyes
6469,orange hair green eyes
6579,orange hair orange eyes
6775,orange hair pink eyes
7037,orange hair purple eyes
7226,orange hair red eyes
7407,orange hair yellow eyes
7626,red hair aqua eyes
7810,red hair black eyes
8096,red hair brown eyes
8764,red hair purple eyes
9364,white hair aqua eyes
9583,white hair black eyes
9712,white hair blue eyes
9964,white hair brown eyes
10015,white hair green eyes
10292,white hair orange eyes
10477,white hair pink eyes
10600,white hair purple eyes
10918,white hair red eyes
10984,white hair yellow eyes
11570,black hair brown eyes
11843,black hair green eyes
12811,black hair yellow eyes
12914,blonde hair aqua eyes
13297,blonde hair black eyes
13313,blonde hair blue eyes
13530,blonde hair brown eyes
13905,blonde hair green eyes
14109,blonde hair orange eyes
14175,blonde hair pink eyes
14450,blonde hair purple eyes
14553,blonde hair red eyes
14718,blonde hair yellow eyes
15032,blue hair aqua eyes
15291,blue hair blue eyes
15307,blue hair brown eyes
15803,blue hair orange eyes
16319,blue hair red eyes
16522,blue hair yellow eyes
16685,brown hair aqua eyes
16951,brown hair black eyes
17446,brown hair brown eyes
17501,brown hair green eyes
17812,brown hair orange eyes
18014,brown hair pink eyes
18216,brown hair purple eyes
18570,brown hair yellow eyes
18754,pink hair aqua eyes
19272,pink hair brown eyes
19572,pink hair green eyes
19780,pink hair orange eyes
20392,pink hair red eyes
21218,purple hair brown eyes
21449,purple hair green eyes
21720,purple hair pink eyes
22006,purple hair red eyes
22132,purple hair yellow eyes
22378,black hair aqua eyes
22639,black hair black eyes
22698,black hair blue eyes
23390,black hair orange eyes
23535,black hair pink eyes
23638,black hair purple eyes
23806,black hair red eyes
24384,blue hair black eyes
24938,blue hair green eyes
25409,blue hair pink eyes
25598,blue hair purple eyes
26190,brown hair blue eyes
26418,brown hair red eyes
26693,gray hair aqua eyes
26751,gray hair black eyes
27081,gray hair blue eyes
27150,gray hair brown eyes
27715,gray hair pink eyes
27971,gray hair purple eyes
28293,gray hair red eyes
28355,gray hair yellow eyes
28506,green hair aqua eyes
28846,green hair black eyes
28967,green hair blue eyes
29277,green hair brown eyes
29877,green hair pink eyes
30021,green hair purple eyes
30456,green hair yellow eyes
30861,pink hair black eyes
31016,pink hair blue eyes
31849,pink hair pink eyes
32014,pink hair purple eyes
32445,pink hair yellow eyes
32636,purple hair aqua eyes
32888,purple hair blue eyes
33513,purple hair orange eyes
33864,purple hair purple eyes
34750,red hair blue eyes
35022,red hair green eyes
35265,red hair orange eyes
35458,red hair pink eyes
35815,red hair red eyes
36031,red hair yellow eyes
